/*
Navicat MySQL Data Transfer

Source Server         : testlocal
Source Server Version : 50532
Source Host           : localhost:3306
Source Database       : mybatis

Target Server Type    : MYSQL
Target Server Version : 50532
File Encoding         : 65001

Date: 2016-11-06 23:08:00
*/

SET FOREIGN_KEY_CHECKS=0;

-- ----------------------------
-- Table structure for `items`
-- ----------------------------
DROP TABLE IF EXISTS `items`;
CREATE TABLE `items` (
  `id` int(11) NOT NULL AUTO_INCREMENT,
  `name` varchar(32) NOT NULL COMMENT '商品名称',
  `price` float(10,1) NOT NULL COMMENT '商品定价',
  `detail` text COMMENT '商品描述',
  `pic` varchar(64) DEFAULT NULL COMMENT '商品图片',
  `createtime` datetime DEFAULT NULL COMMENT '生产日期',
  PRIMARY KEY (`id`)
) ENGINE=InnoDB AUTO_INCREMENT=4 DEFAULT CHARSET=utf8;

-- ----------------------------
-- Records of items
-- ----------------------------
INSERT INTO `items` VALUES ('1', '测试更新21', '3001.1', 'dd1', 'd0c16a3c-0a97-4864-9ff9-5e71e52c68df.JPG', '2015-02-08 00:00:01');
INSERT INTO `items` VALUES ('2', '笔记本', '6000.0', '笔记本性能好，质量好！！！！！', null, '2015-02-09 00:00:02');
INSERT INTO `items` VALUES ('3', '恩恩', '2002.0', '恩恩', '87b890c0-443e-4329-a098-638fe38eee4c.JPG', '2015-02-09 00:00:02');

-- ----------------------------
-- Table structure for `orderdetail`
-- ----------------------------
DROP TABLE IF EXISTS `orderdetail`;
CREATE TABLE `orderdetail` (
  `id` int(11) NOT NULL AUTO_INCREMENT,
  `orders_id` int(11) NOT NULL COMMENT '订单id',
  `items_id` int(11) NOT NULL COMMENT '商品id',
  `items_num` int(11) DEFAULT NULL COMMENT '商品购买数量',
  PRIMARY KEY (`id`),
  KEY `FK_orderdetail_1` (`orders_id`),
  KEY `FK_orderdetail_2` (`items_id`),
  CONSTRAINT `FK_orderdetail_1` FOREIGN KEY (`orders_id`) REFERENCES `orders` (`id`) ON DELETE NO ACTION ON UPDATE NO ACTION,
  CONSTRAINT `FK_orderdetail_2` FOREIGN KEY (`items_id`) REFERENCES `items` (`id`) ON DELETE NO ACTION ON UPDATE NO ACTION
) ENGINE=InnoDB AUTO_INCREMENT=5 DEFAULT CHARSET=utf8;

-- ----------------------------
-- Records of orderdetail
-- ----------------------------
INSERT INTO `orderdetail` VALUES ('1', '3', '1', '1');
INSERT INTO `orderdetail` VALUES ('2', '3', '2', '3');
INSERT INTO `orderdetail` VALUES ('3', '4', '3', '4');
INSERT INTO `orderdetail` VALUES ('4', '4', '2', '3');

-- ----------------------------
-- Table structure for `orders`
-- ----------------------------
DROP TABLE IF EXISTS `orders`;
CREATE TABLE `orders` (
  `id` int(11) NOT NULL AUTO_INCREMENT,
  `user_id` int(11) NOT NULL COMMENT '下单用户id',
  `number` varchar(32) NOT NULL COMMENT '订单号',
  `createtime` datetime NOT NULL COMMENT '创建订单时间',
  `note` varchar(100) DEFAULT NULL COMMENT '备注',
  PRIMARY KEY (`id`),
  KEY `FK_orders_1` (`user_id`),
  CONSTRAINT `FK_orders_id` FOREIGN KEY (`user_id`) REFERENCES `user` (`id`) ON DELETE NO ACTION ON UPDATE NO ACTION
) ENGINE=InnoDB AUTO_INCREMENT=6 DEFAULT CHARSET=utf8;

-- ----------------------------
-- Records of orders
-- ----------------------------
INSERT INTO `orders` VALUES ('3', '1', '1000010', '2015-02-04 13:22:35', null);
INSERT INTO `orders` VALUES ('4', '1', '1000011', '2015-02-03 13:22:41', null);
INSERT INTO `orders` VALUES ('5', '10', '1000012', '2015-02-12 16:13:23', null);

-- ----------------------------
-- Table structure for `user`
-- ----------------------------
DROP TABLE IF EXISTS `user`;
CREATE TABLE `user` (
  `id` int(11) NOT NULL AUTO_INCREMENT,
  `username` varchar(32) NOT NULL COMMENT '用户名称',
  `birthday` date DEFAULT NULL COMMENT '生日',
  `sex` char(1) DEFAULT NULL COMMENT '性别',
  `address` varchar(256) DEFAULT NULL COMMENT '地址',
  PRIMARY KEY (`id`)
) ENGINE=InnoDB AUTO_INCREMENT=43 DEFAULT CHARSET=utf8;

-- ----------------------------
-- Records of user
-- ----------------------------
INSERT INTO `user` VALUES ('1', '王五', null, '2', null);
INSERT INTO `user` VALUES ('10', '张三', '2014-07-10', '1', '北京市');
INSERT INTO `user` VALUES ('16', '张小明', null, '1', '河南郑州');
INSERT INTO `user` VALUES ('22', '陈小明', null, '1', '河南郑州');
INSERT INTO `user` VALUES ('24', '张三丰', null, '1', '河南郑州');
INSERT INTO `user` VALUES ('31', 'afei', '2016-09-14', '1', '河北邯郸的');
INSERT INTO `user` VALUES ('32', 'arui', '2016-09-13', '2', '河北邢台');
INSERT INTO `user` VALUES ('33', 'arui', '2016-09-13', '2', '河北邢台');
INSERT INTO `user` VALUES ('34', 'arui', '2016-09-13', '2', '河北邢台');
INSERT INTO `user` VALUES ('35', 'arui', '2016-09-13', '2', '河北邢台');
INSERT INTO `user` VALUES ('39', '哈哈我不是凡人', null, null, null);
INSERT INTO `user` VALUES ('40', '哈哈我不是凡人', null, '2', null);
INSERT INTO `user` VALUES ('41', '哈哈我不是凡人', null, '2', null);
INSERT INTO `user` VALUES ('42', '哈哈我不是凡人', null, '2', null);
